number,ini_velX,ini_velY,ini_velZ,ini_posX,ini_posY,ini_posZ,trialID,_isCorrect,ponPosX,ponPosY,ponPosZ,timeSinceEngineStart,camID,camShelf_h,camShelf_num,camPosX,camPosY,camPosZ,1targetX,1targetX,1targetX,1targetX,1targetX,1targetX,
0,0,0,0,0,0,0,4805710184e74ad8a520d2b53bc51649,False,0,0,0,2.35294,2,7,12,16.7,95.85001,5.004212,0,0,0,0,0,0,
0,13,0,0,0,3.1,1.2,4805710184e74ad8a520d2b53bc51649,False,0,0,0,2.385314,2,7,12,16.7,95.85001,5.004212,0,0,0,0,0,0,
0,13,0,0,0,3.1,1.2,4805710184e74ad8a520d2b53bc51649,False,2734.481,-12245.04,3.804212,2.51905,2,7,12,16.7,95.85001,5.004212,0,0,0,0,0,0,
0,13,0,0,0,3.1,1.2,4805710184e74ad8a520d2b53bc51649,False,2734.481,-12245.04,3.804212,2.546977,2,7,12,16.7,95.85001,5.004212,60.62561,-13799.86,3.804212,-209.7493,-13799.86,3.804212,
0,13,0,0,0,3.1,1.2,4805710184e74ad8a520d2b53bc51649,False,2699.332,-12246.1,3.804212,2.583045,2,7,12,16.7,95.85001,5.004212,60.62561,-13799.86,3.804212,-209.7493,-13799.86,3.804212,
0,13,0,0,0,3.1,1.2,4805710184e74ad8a520d2b53bc51649,False,2664.183,-12247.69,3.804212,2.60604,2,7,12,16.7,95.85001,5.004212,60.62561,-13799.86,3.804212,-209.7493,-13799.86,3.804212,
0,13,0,0,0,3.1,1.2,4805710184e74ad8a520d2b53bc51649,False,2593.886,-12252.46,3.804212,2.628788,2,7,12,16.7,95.85001,5.004212,60.62561,-13799.86,3.804212,-209.7493,-13799.86,3.804212,
0,13,0,0,0,3.1,1.2,4805710184e74ad8a520d2b53bc51649,False,2558.737,-12255.65,3.804212,2.649836,2,7,12,16.7,95.85001,5.004212,60.62561,-13799.86,3.804212,-209.7493,-13799.86,3.804212,
0,13,0,0,0,3.1,1.2,4805710184e74ad8a520d2b53bc51649,False,2523.588,-12259.36,3.804212,2.670608,2,7,12,16.7,95.85001,5.004212,60.62561,-13799.86,3.804212,-209.7493,-13799.86,3.804212,
0,13,0,0,0,3.1,1.2,4805710184e74ad8a520d2b53bc51649,False,2488.44,-12263.6,3.804212,2.691129,2,7,12,16.7,95.85001,5.004212,60.62561,-13799.86,3.804212,-209.7493,-13799.86,3.804212,
0,13,0,0,0,3.1,1.2,4805710184e74ad8a520d2b53bc51649,False,2453.291,-12268.37,3.804212,2.711359,2,7,12,16.7,95.85001,5.004212,60.62561,-13799.86,3.804212,-209.7493,-13799.86,3.804212,
0,13,0,0,0,3.1,1.2,4805710184e74ad8a520d2b53bc51649,False,2418.142,-12273.67,3.804212,2.731071,2,7,12,16.7,95.85001,5.004212,60.62561,-13799.86,3.804212,-209.7493,-13799.86,3.804212,
0,13,0,0,0,3.1,1.2,4805710184e74ad8a520d2b53bc51649,False,2382.994,-12279.51,3.804212,2.750925,2,7,12,16.7,95.85001,5.004212,60.62561,-13799.86,3.804212,-209.7493,-13799.86,3.804212,
0,13,0,0,0,3.1,1.2,4805710184e74ad8a520d2b53bc51649,False,2347.845,-12285.87,3.804212,2.771962,2,7,12,16.7,95.85001,5.004212,60.62561,-13799.86,3.804212,-209.7493,-13799.86,3.804212,
0,13,0,0,0,3.1,1.2,4805710184e74ad8a520d2b53bc51649,False,2312.696,-12292.76,3.804212,2.792466,2,7,12,16.7,95.85001,5.004212,60.62561,-13799.86,3.804212,-209.7493,-13799.86,3.804212,
0,13,0,0,0,3.1,1.2,4805710184e74ad8a520d2b53bc51649,False,2277.547,-12300.19,3.804212,2.81178,2,7,12,16.7,95.85001,5.004212,60.62561,-13799.86,3.804212,-209.7493,-13799.86,3.804212,
0,13,0,0,0,3.1,1.2,4805710184e74ad8a520d2b53bc51649,False,2242.398,-12308.14,3.804212,2.831823,2,7,12,16.7,95.85001,5.004212,60.62561,-13799.86,3.804212,-209.7493,-13799.86,3.804212,
0,13,0,0,0,3.1,1.2,4805710184e74ad8a520d2b53bc51649,False,2207.25,-12316.62,3.804212,2.851771,2,7,12,16.7,95.85001,5.004212,60.62561,-13799.86,3.804212,-209.7493,-13799.86,3.804212,
0,13,0,0,0,3.1,1.2,4805710184e74ad8a520d2b53bc51649,False,2172.101,-12325.63,3.804212,2.871236,2,7,12,16.7,95.85001,5.004212,60.62561,-13799.86,3.804212,-209.7493,-13799.86,3.804212,
0,13,0,0,0,3.1,1.2,4805710184e74ad8a520d2b53bc51649,False,2136.952,-12335.18,3.804212,2.891045,2,7,12,16.7,95.85001,5.004212,60.62561,-13799.86,3.804212,-209.7493,-13799.86,3.804212,
0,13,0,0,0,3.1,1.2,4805710184e74ad8a520d2b53bc51649,False,2101.804,-12345.25,3.804212,2.910971,2,7,12,16.7,95.85001,5.004212,60.62561,-13799.86,3.804212,-209.7493,-13799.86,3.804212,
0,13,0,0,0,3.1,1.2,4805710184e74ad8a520d2b53bc51649,False,2066.655,-12355.86,3.804212,2.930955,2,7,12,16.7,95.85001,5.004212,60.62561,-13799.86,3.804212,-209.7493,-13799.86,3.804212,
0,13,0,0,0,3.1,1.2,4805710184e74ad8a520d2b53bc51649,False,2031.506,-12366.99,3.804212,2.95054,2,7,12,16.7,95.85001,5.004212,60.62561,-13799.86,3.804212,-209.7493,-13799.86,3.804212,
0,13,0,0,0,3.1,1.2,4805710184e74ad8a520d2b53bc51649,False,1996.357,-12378.66,3.804212,2.970247,2,7,12,16.7,95.85001,5.004212,60.62561,-13799.86,3.804212,-209.7493,-13799.86,3.804212,
0,13,0,0,0,3.1,1.2,4805710184e74ad8a520d2b53bc51649,False,1961.209,-12390.85,3.804212,2.99134,2,7,12,16.7,95.85001,5.004212,60.62561,-13799.86,3.804212,-209.7493,-13799.86,3.804212,
0,13,0,0,0,3.1,1.2,4805710184e74ad8a520d2b53bc51649,False,1926.06,-12403.58,3.804212,3.009483,2,7,12,16.7,95.85001,5.004212,60.62561,-13799.86,3.804212,-209.7493,-13799.86,3.804212,
0,13,0,0,0,3.1,1.2,4805710184e74ad8a520d2b53bc51649,False,1890.911,-12416.83,3.804212,3.027455,2,7,12,16.7,95.85001,5.004212,60.62561,-13799.86,3.804212,-209.7493,-13799.86,3.804212,
0,13,0,0,0,3.1,1.2,4805710184e74ad8a520d2b53bc51649,False,1855.762,-12430.62,3.804212,3.045474,2,7,12,16.7,95.85001,5.004212,60.62561,-13799.86,3.804212,-209.7493,-13799.86,3.804212,
0,13,0,0,0,3.1,1.2,4805710184e74ad8a520d2b53bc51649,False,1820.614,-12444.93,3.804212,3.06373,2,7,12,16.7,95.85001,5.004212,60.62561,-13799.86,3.804212,-209.7493,-13799.86,3.804212,
0,13,0,0,0,3.1,1.2,4805710184e74ad8a520d2b53bc51649,False,1785.465,-12459.78,3.804212,3.081701,2,7,12,16.7,95.85001,5.004212,60.62561,-13799.86,3.804212,-209.7493,-13799.86,3.804212,
0,13,0,0,0,3.1,1.2,4805710184e74ad8a520d2b53bc51649,False,1750.316,-12475.16,3.804212,3.100029,2,7,12,16.7,95.85001,5.004212,60.62561,-13799.86,3.804212,-209.7493,-13799.86,3.804212,
0,13,0,0,0,3.1,1.2,4805710184e74ad8a520d2b53bc51649,False,1750.316,-12475.16,3.804212,3.118094,2,7,12,16.7,95.85001,5.004212,60.62561,-13799.86,3.804212,-209.7493,-13799.86,3.804212,
0,13,0,0,0,3.1,1.2,4805710184e74ad8a520d2b53bc51649,False,1715.167,-12491.06,3.804212,3.136298,2,7,12,16.7,95.85001,5.004212,60.62561,-13799.86,3.804212,-209.7493,-13799.86,3.804212,
0,13,0,0,0,3.1,1.2,4805710184e74ad8a520d2b53bc51649,False,1680.019,-12507.5,3.804212,3.154697,2,7,12,16.7,95.85001,5.004212,60.62561,-13799.86,3.804212,-209.7493,-13799.86,3.804212,
0,13,0,0,0,3.1,1.2,4805710184e74ad8a520d2b53bc51649,False,1644.87,-12524.47,3.804212,3.172505,2,7,12,16.7,95.85001,5.004212,60.62561,-13799.86,3.804212,-209.7493,-13799.86,3.804212,
0,13,0,0,0,3.1,1.2,4805710184e74ad8a520d2b53bc51649,False,1609.721,-12541.96,3.804212,3.191487,2,7,12,16.7,95.85001,5.004212,60.62561,-13799.86,3.804212,-209.7493,-13799.86,3.804212,
0,13,0,0,0,3.1,1.2,4805710184e74ad8a520d2b53bc51649,False,1574.572,-12559.99,3.804212,3.209362,2,7,12,16.7,95.85001,5.004212,60.62561,-13799.86,3.804212,-209.7493,-13799.86,3.804212,
0,13,0,0,0,3.1,1.2,4805710184e74ad8a520d2b53bc51649,False,1539.424,-12578.55,3.804212,3.227874,2,7,12,16.7,95.85001,5.004212,60.62561,-13799.86,3.804212,-209.7493,-13799.86,3.804212,
0,13,0,0,0,3.1,1.2,4805710184e74ad8a520d2b53bc51649,False,1504.275,-12597.64,3.804212,3.245932,2,7,12,16.7,95.85001,5.004212,60.62561,-13799.86,3.804212,-209.7493,-13799.86,3.804212,
0,13,0,0,0,3.1,1.2,4805710184e74ad8a520d2b53bc51649,False,1469.126,-12617.25,3.804212,3.263706,2,7,12,16.7,95.85001,5.004212,60.62561,-13799.86,3.804212,-209.7493,-13799.86,3.804212,
0,13,0,0,0,3.1,1.2,4805710184e74ad8a520d2b53bc51649,False,1433.977,-12637.4,3.804212,3.281607,2,7,12,16.7,95.85001,5.004212,60.62561,-13799.86,3.804212,-209.7493,-13799.86,3.804212,
0,13,0,0,0,3.1,1.2,4805710184e74ad8a520d2b53bc51649,False,1398.829,-12658.08,3.804212,3.299913,2,7,12,16.7,95.85001,5.004212,60.62561,-13799.86,3.804212,-209.7493,-13799.86,3.804212,
0,13,0,0,0,3.1,1.2,4805710184e74ad8a520d2b53bc51649,False,1398.829,-12658.08,3.804212,3.318516,2,7,12,16.7,95.85001,5.004212,60.62561,-13799.86,3.804212,-209.7493,-13799.86,3.804212,
0,13,0,0,0,3.1,1.2,4805710184e74ad8a520d2b53bc51649,False,1363.68,-12679.29,3.804212,3.336418,2,7,12,16.7,95.85001,5.004212,60.62561,-13799.86,3.804212,-209.7493,-13799.86,3.804212,
0,13,0,0,0,3.1,1.2,4805710184e74ad8a520d2b53bc51649,False,1328.531,-12701.03,3.804212,3.354432,2,7,12,16.7,95.85001,5.004212,60.62561,-13799.86,3.804212,-209.7493,-13799.86,3.804212,
0,13,0,0,0,3.1,1.2,4805710184e74ad8a520d2b53bc51649,False,1293.382,-12723.3,3.804212,3.372587,2,7,12,16.7,95.85001,5.004212,60.62561,-13799.86,3.804212,-209.7493,-13799.86,3.804212,
0,13,0,0,0,3.1,1.2,4805710184e74ad8a520d2b53bc51649,False,1258.234,-12746.1,3.804212,3.390697,2,7,12,16.7,95.85001,5.004212,60.62561,-13799.86,3.804212,-209.7493,-13799.86,3.804212,
0,13,0,0,0,3.1,1.2,4805710184e74ad8a520d2b53bc51649,False,1223.085,-12769.43,3.804212,3.413881,2,7,12,16.7,95.85001,5.004212,60.62561,-13799.86,3.804212,-209.7493,-13799.86,3.804212,
0,13,0,0,0,3.1,1.2,4805710184e74ad8a520d2b53bc51649,False,1187.936,-12793.29,3.804212,3.432194,2,7,12,16.7,95.85001,5.004212,60.62561,-13799.86,3.804212,-209.7493,-13799.86,3.804212,
0,13,0,0,0,3.1,1.2,4805710184e74ad8a520d2b53bc51649,False,1152.787,-12817.68,3.804212,3.449949,2,7,12,16.7,95.85001,5.004212,60.62561,-13799.86,3.804212,-209.7493,-13799.86,3.804212,
0,13,0,0,0,3.1,1.2,4805710184e74ad8a520d2b53bc51649,False,1117.638,-12842.6,3.804212,3.467765,2,7,12,16.7,95.85001,5.004212,60.62561,-13799.86,3.804212,-209.7493,-13799.86,3.804212,
0,13,0,0,0,3.1,1.2,4805710184e74ad8a520d2b53bc51649,False,1082.49,-12868.05,3.804212,3.485884,2,7,12,16.7,95.85001,5.004212,60.62561,-13799.86,3.804212,-209.7493,-13799.86,3.804212,
0,13,0,0,0,3.1,1.2,4805710184e74ad8a520d2b53bc51649,False,1047.341,-12894.03,3.804212,3.503985,2,7,12,16.7,95.85001,5.004212,60.62561,-13799.86,3.804212,-209.7493,-13799.86,3.804212,
0,13,0,0,0,3.1,1.2,4805710184e74ad8a520d2b53bc51649,False,1012.192,-12920.54,3.804212,3.522571,2,7,12,16.7,95.85001,5.004212,60.62561,-13799.86,3.804212,-209.7493,-13799.86,3.804212,
0,13,0,0,0,3.1,1.2,4805710184e74ad8a520d2b53bc51649,False,977.0436,-12947.58,3.804212,3.540918,2,7,12,16.7,95.85001,5.004212,60.62561,-13799.86,3.804212,-209.7493,-13799.86,3.804212,
0,13,0,0,0,3.1,1.2,4805710184e74ad8a520d2b53bc51649,False,977.0436,-12947.58,3.804212,3.559803,2,7,12,16.7,95.85001,5.004212,60.62561,-13799.86,3.804212,-209.7493,-13799.86,3.804212,
0,13,0,0,0,3.1,1.2,4805710184e74ad8a520d2b53bc51649,False,941.8948,-12975.15,3.804212,3.578104,2,7,12,16.7,95.85001,5.004212,60.62561,-13799.86,3.804212,-209.7493,-13799.86,3.804212,
0,13,0,0,0,3.1,1.2,4805710184e74ad8a520d2b53bc51649,False,906.746,-13003.25,3.804212,3.596464,2,7,12,16.7,95.85001,5.004212,60.62561,-13799.86,3.804212,-209.7493,-13799.86,3.804212,
0,13,0,0,0,3.1,1.2,4805710184e74ad8a520d2b53bc51649,False,871.5973,-13031.88,3.804212,3.616087,2,7,12,16.7,95.85001,5.004212,60.62561,-13799.86,3.804212,-209.7493,-13799.86,3.804212,
0,13,0,0,0,3.1,1.2,4805710184e74ad8a520d2b53bc51649,False,836.4485,-13061.04,3.804212,3.634514,2,7,12,16.7,95.85001,5.004212,60.62561,-13799.86,3.804212,-209.7493,-13799.86,3.804212,
0,13,0,0,0,3.1,1.2,4805710184e74ad8a520d2b53bc51649,False,801.2999,-13090.74,3.804212,3.653153,2,7,12,16.7,95.85001,5.004212,60.62561,-13799.86,3.804212,-209.7493,-13799.86,3.804212,
0,13,0,0,0,3.1,1.2,4805710184e74ad8a520d2b53bc51649,False,766.1511,-13120.96,3.804212,3.671288,2,7,12,16.7,95.85001,5.004212,60.62561,-13799.86,3.804212,-209.7493,-13799.86,3.804212,
0,13,0,0,0,3.1,1.2,4805710184e74ad8a520d2b53bc51649,False,731.0023,-13151.71,3.804212,3.68913,2,7,12,16.7,95.85001,5.004212,60.62561,-13799.86,3.804212,-209.7493,-13799.86,3.804212,
0,13,0,0,0,3.1,1.2,4805710184e74ad8a520d2b53bc51649,False,695.8535,-13183,3.804212,3.707028,2,7,12,16.7,95.85001,5.004212,60.62561,-13799.86,3.804212,-209.7493,-13799.86,3.804212,
0,13,0,0,0,3.1,1.2,4805710184e74ad8a520d2b53bc51649,False,660.7048,-13214.81,3.804212,3.7251,2,7,12,16.7,95.85001,5.004212,60.62561,-13799.86,3.804212,-209.7493,-13799.86,3.804212,
0,13,0,0,0,3.1,1.2,4805710184e74ad8a520d2b53bc51649,False,625.556,-13247.15,3.804212,3.743199,2,7,12,16.7,95.85001,5.004212,60.62561,-13799.86,3.804212,-209.7493,-13799.86,3.804212,
0,13,0,0,0,3.1,1.2,4805710184e74ad8a520d2b53bc51649,False,590.4073,-13280.02,3.804212,3.761102,2,7,12,16.7,95.85001,5.004212,60.62561,-13799.86,3.804212,-209.7493,-13799.86,3.804212,
0,13,0,0,0,3.1,1.2,4805710184e74ad8a520d2b53bc51649,False,555.2585,-13313.43,3.804212,3.779171,2,7,12,16.7,95.85001,5.004212,60.62561,-13799.86,3.804212,-209.7493,-13799.86,3.804212,
0,13,0,0,0,3.1,1.2,4805710184e74ad8a520d2b53bc51649,False,555.2585,-13313.43,3.804212,3.797292,2,7,12,16.7,95.85001,5.004212,60.62561,-13799.86,3.804212,-209.7493,-13799.86,3.804212,
0,13,0,0,0,3.1,1.2,4805710184e74ad8a520d2b53bc51649,False,520.1099,-13347.36,3.804212,3.816822,2,7,12,16.7,95.85001,5.004212,60.62561,-13799.86,3.804212,-209.7493,-13799.86,3.804212,
0,13,0,0,0,3.1,1.2,4805710184e74ad8a520d2b53bc51649,False,484.9609,-13381.83,3.804212,3.834979,2,7,12,16.7,95.85001,5.004212,60.62561,-13799.86,3.804212,-209.7493,-13799.86,3.804212,
0,13,0,0,0,3.1,1.2,4805710184e74ad8a520d2b53bc51649,False,449.8123,-13416.82,3.804212,3.853466,2,7,12,16.7,95.85001,5.004212,60.62561,-13799.86,3.804212,-209.7493,-13799.86,3.804212,
0,13,0,0,0,3.1,1.2,4805710184e74ad8a520d2b53bc51649,False,414.6634,-13452.34,3.804212,3.871564,2,7,12,16.7,95.85001,5.004212,60.62561,-13799.86,3.804212,-209.7493,-13799.86,3.804212,
0,13,0,0,0,3.1,1.2,4805710184e74ad8a520d2b53bc51649,False,379.5148,-13488.4,3.804212,3.889224,2,7,12,16.7,95.85001,5.004212,60.62561,-13799.86,3.804212,-209.7493,-13799.86,3.804212,
0,13,0,0,0,3.1,1.2,4805710184e74ad8a520d2b53bc51649,False,344.3661,-13524.99,3.804212,3.907074,2,7,12,16.7,95.85001,5.004212,60.62561,-13799.86,3.804212,-209.7493,-13799.86,3.804212,
0,13,0,0,0,3.1,1.2,4805710184e74ad8a520d2b53bc51649,False,309.2172,-13562.1,3.804212,3.925152,2,7,12,16.7,95.85001,5.004212,60.62561,-13799.86,3.804212,-209.7493,-13799.86,3.804212,
0,13,0,0,0,3.1,1.2,4805710184e74ad8a520d2b53bc51649,False,274.0686,-13599.75,3.804212,3.943965,2,7,12,16.7,95.85001,5.004212,60.62561,-13799.86,3.804212,-209.7493,-13799.86,3.804212,
0,13,0,0,0,3.1,1.2,4805710184e74ad8a520d2b53bc51649,False,238.9197,-13637.92,3.804212,3.962277,2,7,12,16.7,95.85001,5.004212,60.62561,-13799.86,3.804212,-209.7493,-13799.86,3.804212,
0,13,0,0,0,3.1,1.2,4805710184e74ad8a520d2b53bc51649,False,203.7711,-13676.63,3.804212,3.980794,2,7,12,16.7,95.85001,5.004212,60.62561,-13799.86,3.804212,-209.7493,-13799.86,3.804212,
0,13,0,0,0,3.1,1.2,4805710184e74ad8a520d2b53bc51649,False,203.7711,-13676.63,3.804212,3.999326,2,7,12,16.7,95.85001,5.004212,60.62561,-13799.86,3.804212,-209.7493,-13799.86,3.804212,
0,13,0,0,0,3.1,1.2,4805710184e74ad8a520d2b53bc51649,False,168.6222,-13715.86,3.804212,4.018123,2,7,12,16.7,95.85001,5.004212,60.62561,-13799.86,3.804212,-209.7493,-13799.86,3.804212,
0,13,0,0,0,3.1,1.2,4805710184e74ad8a520d2b53bc51649,False,133.4735,-13755.63,3.804212,4.036274,2,7,12,16.7,95.85001,5.004212,60.62561,-13799.86,3.804212,-209.7493,-13799.86,3.804212,
0,13,0,0,0,3.1,1.2,4805710184e74ad8a520d2b53bc51649,False,98.32465,-13795.93,3.804212,4.054389,2,7,12,16.7,95.85001,5.004212,60.62561,-13799.86,3.804212,-209.7493,-13799.86,3.804212,
0,13,0,0,0,3.1,1.2,4805710184e74ad8a520d2b53bc51649,False,95.6051,-13799.08,3.804212,4.072594,2,7,12,16.7,95.85001,5.004212,60.62561,-13799.86,3.804212,-209.7493,-13799.86,3.804212,
0,13,0,0,0,3.1,1.2,4805710184e74ad8a520d2b53bc51649,False,60.62561,-13799.86,3.804212,4.090716,2,7,12,16.7,95.85001,5.004212,60.62561,-13799.86,3.804212,-209.7493,-13799.86,3.804212,
0,13,0,0,0,3.1,1.2,4805710184e74ad8a520d2b53bc51649,False,26.07178,-13800.46,3.804212,4.109654,2,7,12,16.7,95.85001,5.004212,60.62561,-13799.86,3.804212,-209.7493,-13799.86,3.804212,
0,13,0,0,0,3.1,1.2,4805710184e74ad8a520d2b53bc51649,False,-8.059814,-13800.89,3.804212,4.128406,2,7,12,16.7,95.85001,5.004212,60.62561,-13799.86,3.804212,-209.7493,-13799.86,3.804212,
0,13,0,0,0,3.1,1.2,4805710184e74ad8a520d2b53bc51649,False,-41.79065,-13801.18,3.804212,4.147864,2,7,12,16.7,95.85001,5.004212,60.62561,-13799.86,3.804212,-209.7493,-13799.86,3.804212,
0,13,0,0,0,3.1,1.2,4805710184e74ad8a520d2b53bc51649,False,-75.14362,-13801.37,3.804212,4.166743,2,7,12,16.7,95.85001,5.004212,60.62561,-13799.86,3.804212,-209.7493,-13799.86,3.804212,
0,13,0,0,0,3.1,1.2,4805710184e74ad8a520d2b53bc51649,False,-108.138,-13801.49,3.804212,4.186184,2,7,12,16.7,95.85001,5.004212,60.62561,-13799.86,3.804212,-209.7493,-13799.86,3.804212,
0,13,0,0,0,3.1,1.2,4805710184e74ad8a520d2b53bc51649,False,-140.7869,-13801.57,3.804212,4.204901,2,7,12,16.7,95.85001,5.004212,60.62561,-13799.86,3.804212,-209.7493,-13799.86,3.804212,
0,13,0,0,0,3.1,1.2,4805710184e74ad8a520d2b53bc51649,False,-173.0999,-13801.62,3.804212,4.224095,2,7,12,16.7,95.85001,5.004212,60.62561,-13799.86,3.804212,-209.7493,-13799.86,3.804212,
0,13,0,0,0,3.1,1.2,4805710184e74ad8a520d2b53bc51649,False,-205.0839,-13801.65,3.804212,4.242731,2,7,12,16.7,95.85001,5.004212,60.62561,-13799.86,3.804212,-209.7493,-13799.86,3.804212,
0,13,0,0,0,3.1,1.2,4805710184e74ad8a520d2b53bc51649,False,-236.7426,-13801.67,3.804212,4.26109,2,7,12,16.7,95.85001,5.004212,60.62561,-13799.86,3.804212,-209.7493,-13799.86,3.804212,
0,13,0,0,0,3.1,1.2,4805710184e74ad8a520d2b53bc51649,False,-236.7426,-13801.67,3.804212,4.279077,2,7,12,16.7,95.85001,5.004212,60.62561,-13799.86,3.804212,-209.7493,-13799.86,3.804212,
0,13,0,0,0,3.1,1.2,4805710184e74ad8a520d2b53bc51649,False,-268.0789,-13801.68,3.804212,4.29717,2,7,12,16.7,95.85001,5.004212,60.62561,-13799.86,3.804212,-209.7493,-13799.86,3.804212,
0,13,0,0,0,3.1,1.2,4805710184e74ad8a520d2b53bc51649,False,-299.0941,-13801.68,3.804213,4.315317,2,7,12,16.7,95.85001,5.004212,60.62561,-13799.86,3.804212,-209.7493,-13799.86,3.804212,
0,13,0,0,0,3.1,1.2,4805710184e74ad8a520d2b53bc51649,False,-329.7891,-13801.69,3.804213,4.333004,2,7,12,16.7,95.85001,5.004212,60.62561,-13799.86,3.804212,-209.7493,-13799.86,3.804212,
0,13,0,0,0,3.1,1.2,4805710184e74ad8a520d2b53bc51649,False,-360.1651,-13801.69,3.804213,4.351186,2,7,12,16.7,95.85001,5.004212,60.62561,-13799.86,3.804212,-209.7493,-13799.86,3.804212,
0,13,0,0,0,3.1,1.2,4805710184e74ad8a520d2b53bc51649,False,-390.2222,-13801.69,3.804213,4.369201,2,7,12,16.7,95.85001,5.004212,60.62561,-13799.86,3.804212,-209.7493,-13799.86,3.804212,
0,13,0,0,0,3.1,1.2,4805710184e74ad8a520d2b53bc51649,False,-419.9608,-13801.69,3.804213,4.387364,2,7,12,16.7,95.85001,5.004212,60.62561,-13799.86,3.804212,-209.7493,-13799.86,3.804212,
0,13,0,0,0,3.1,1.2,4805710184e74ad8a520d2b53bc51649,False,-449.3806,-13801.69,3.804213,4.404903,2,7,12,16.7,95.85001,5.004212,60.62561,-13799.86,3.804212,-209.7493,-13799.86,3.804212,
0,13,0,0,0,3.1,1.2,4805710184e74ad8a520d2b53bc51649,False,-478.482,-13801.69,3.804213,4.423468,2,7,12,16.7,95.85001,5.004212,60.62561,-13799.86,3.804212,-209.7493,-13799.86,3.804212,
0,13,0,0,0,3.1,1.2,4805710184e74ad8a520d2b53bc51649,False,-507.2651,-13801.69,3.804213,4.441424,2,7,12,16.7,95.85001,5.004212,60.62561,-13799.86,3.804212,-209.7493,-13799.86,3.804212,
0,13,0,0,0,3.1,1.2,4805710184e74ad8a520d2b53bc51649,False,-535.7299,-13801.69,3.804213,4.45927,2,7,12,16.7,95.85001,5.004212,60.62561,-13799.86,3.804212,-209.7493,-13799.86,3.804212,
0,13,0,0,0,3.1,1.2,4805710184e74ad8a520d2b53bc51649,False,-535.7299,-13801.69,3.804213,4.47722,2,7,12,16.7,95.85001,5.004212,60.62561,-13799.86,3.804212,-209.7493,-13799.86,3.804212,
0,13,0,0,0,3.1,1.2,4805710184e74ad8a520d2b53bc51649,False,-563.8766,-13801.69,3.804213,4.495256,2,7,12,16.7,95.85001,5.004212,60.62561,-13799.86,3.804212,-209.7493,-13799.86,3.804212,
0,13,0,0,0,3.1,1.2,4805710184e74ad8a520d2b53bc51649,False,-591.7048,-13801.69,3.804213,4.513081,2,7,12,16.7,95.85001,5.004212,60.62561,-13799.86,3.804212,-209.7493,-13799.86,3.804212,
0,13,0,0,0,3.1,1.2,4805710184e74ad8a520d2b53bc51649,False,-619.2146,-13801.69,3.804213,4.530713,2,7,12,16.7,95.85001,5.004212,60.62561,-13799.86,3.804212,-209.7493,-13799.86,3.804212,
0,13,0,0,0,3.1,1.2,4805710184e74ad8a520d2b53bc51649,False,-646.4061,-13801.69,3.804213,4.548666,2,7,12,16.7,95.85001,5.004212,60.62561,-13799.86,3.804212,-209.7493,-13799.86,3.804212,
0,13,0,0,0,3.1,1.2,4805710184e74ad8a520d2b53bc51649,False,-673.2794,-13801.69,3.804213,4.56669,2,7,12,16.7,95.85001,5.004212,60.62561,-13799.86,3.804212,-209.7493,-13799.86,3.804212,
0,13,0,0,0,3.1,1.2,4805710184e74ad8a520d2b53bc51649,False,-699.8346,-13801.69,3.804213,4.584583,2,7,12,16.7,95.85001,5.004212,60.62561,-13799.86,3.804212,-209.7493,-13799.86,3.804212,
0,13,0,0,0,3.1,1.2,4805710184e74ad8a520d2b53bc51649,False,-726.0714,-13801.69,3.804213,4.602448,2,7,12,16.7,95.85001,5.004212,60.62561,-13799.86,3.804212,-209.7493,-13799.86,3.804212,
0,13,0,0,0,3.1,1.2,4805710184e74ad8a520d2b53bc51649,False,-751.99,-13801.69,3.804213,4.621048,2,7,12,16.7,95.85001,5.004212,60.62561,-13799.86,3.804212,-209.7493,-13799.86,3.804212,
0,13,0,0,0,3.1,1.2,4805710184e74ad8a520d2b53bc51649,False,-751.99,-13801.69,3.804213,4.639621,2,7,12,16.7,95.85001,5.004212,60.62561,-13799.86,3.804212,-209.7493,-13799.86,3.804212,
0,13,0,0,0,3.1,1.2,4805710184e74ad8a520d2b53bc51649,False,-777.59,-13801.69,3.804213,4.657589,2,7,12,16.7,95.85001,5.004212,60.62561,-13799.86,3.804212,-209.7493,-13799.86,3.804212,
0,13,0,0,0,3.1,1.2,4805710184e74ad8a520d2b53bc51649,False,-802.8718,-13801.69,3.804213,4.676199,2,7,12,16.7,95.85001,5.004212,60.62561,-13799.86,3.804212,-209.7493,-13799.86,3.804212,
0,13,0,0,0,3.1,1.2,4805710184e74ad8a520d2b53bc51649,False,-827.8354,-13801.69,3.804213,4.708914,2,7,12,16.7,95.85001,5.004212,60.62561,-13799.86,3.804212,-209.7493,-13799.86,3.804212,
0,13,0,0,0,3.1,1.2,4805710184e74ad8a520d2b53bc51649,False,-876.8079,-13801.69,3.804213,4.728084,2,7,12,16.7,95.85001,5.004212,60.62561,-13799.86,3.804212,-209.7493,-13799.86,3.804212,
0,13,0,0,0,3.1,1.2,4805710184e74ad8a520d2b53bc51649,False,-900.8168,-13801.69,3.804213,4.746014,2,7,12,16.7,95.85001,5.004212,60.62561,-13799.86,3.804212,-209.7493,-13799.86,3.804212,
0,13,0,0,0,3.1,1.2,4805710184e74ad8a520d2b53bc51649,False,-924.5071,-13801.69,3.804213,4.764001,2,7,12,16.7,95.85001,5.004212,60.62561,-13799.86,3.804212,-209.7493,-13799.86,3.804212,
0,13,0,0,0,3.1,1.2,4805710184e74ad8a520d2b53bc51649,False,-947.8794,-13801.69,3.804213,4.78212,2,7,12,16.7,95.85001,5.004212,60.62561,-13799.86,3.804212,-209.7493,-13799.86,3.804212,
0,13,0,0,0,3.1,1.2,4805710184e74ad8a520d2b53bc51649,False,-970.9333,-13801.69,3.804213,4.799902,2,7,12,16.7,95.85001,5.004212,60.62561,-13799.86,3.804212,-209.7493,-13799.86,3.804212,
0,13,0,0,0,3.1,1.2,4805710184e74ad8a520d2b53bc51649,False,-970.9333,-13801.69,3.804213,4.817843,2,7,12,16.7,95.85001,5.004212,60.62561,-13799.86,3.804212,-209.7493,-13799.86,3.804212,
0,13,0,0,0,3.1,1.2,4805710184e74ad8a520d2b53bc51649,False,-993.6687,-13801.69,3.804213,4.835897,2,7,12,16.7,95.85001,5.004212,60.62561,-13799.86,3.804212,-209.7493,-13799.86,3.804212,
0,13,0,0,0,3.1,1.2,4805710184e74ad8a520d2b53bc51649,False,-1016.086,-13801.69,3.804213,4.854568,2,7,12,16.7,95.85001,5.004212,60.62561,-13799.86,3.804212,-209.7493,-13799.86,3.804212,
0,13,0,0,0,3.1,1.2,4805710184e74ad8a520d2b53bc51649,False,-1038.185,-13801.69,3.804213,4.872359,2,7,12,16.7,95.85001,5.004212,60.62561,-13799.86,3.804212,-209.7493,-13799.86,3.804212,
0,13,0,0,0,3.1,1.2,4805710184e74ad8a520d2b53bc51649,False,-1059.966,-13801.69,3.804213,4.89058,2,7,12,16.7,95.85001,5.004212,60.62561,-13799.86,3.804212,-209.7493,-13799.86,3.804212,
0,13,0,0,0,3.1,1.2,4805710184e74ad8a520d2b53bc51649,False,-1081.429,-13801.69,3.804213,4.9086,2,7,12,16.7,95.85001,5.004212,60.62561,-13799.86,3.804212,-209.7493,-13799.86,3.804212,
0,13,0,0,0,3.1,1.2,4805710184e74ad8a520d2b53bc51649,False,-1102.573,-13801.69,3.804213,4.93449,2,7,12,16.7,95.85001,5.004212,60.62561,-13799.86,3.804212,-209.7493,-13799.86,3.804212,
0,13,0,0,0,3.1,1.2,4805710184e74ad8a520d2b53bc51649,False,-1123.399,-13801.69,3.804213,4.952796,2,7,12,16.7,95.85001,5.004212,60.62561,-13799.86,3.804212,-209.7493,-13799.86,3.804212,
0,13,0,0,0,3.1,1.2,4805710184e74ad8a520d2b53bc51649,False,-1143.906,-13801.69,3.804213,4.970871,2,7,12,16.7,95.85001,5.004212,60.62561,-13799.86,3.804212,-209.7493,-13799.86,3.804212,
0,13,0,0,0,3.1,1.2,4805710184e74ad8a520d2b53bc51649,False,-1164.096,-13801.69,3.804213,4.989074,2,7,12,16.7,95.85001,5.004212,60.62561,-13799.86,3.804212,-209.7493,-13799.86,3.804212,
0,13,0,0,0,3.1,1.2,4805710184e74ad8a520d2b53bc51649,False,-1183.967,-13801.69,3.804213,5.00839,2,7,12,16.7,95.85001,5.004212,60.62561,-13799.86,3.804212,-209.7493,-13799.86,3.804212,
0,13,0,0,0,3.1,1.2,4805710184e74ad8a520d2b53bc51649,False,-1203.52,-13801.69,3.804213,5.028513,2,7,12,16.7,95.85001,5.004212,60.62561,-13799.86,3.804212,-209.7493,-13799.86,3.804212,
0,13,0,0,0,3.1,1.2,4805710184e74ad8a520d2b53bc51649,False,-1222.754,-13801.69,3.804213,5.047541,2,7,12,16.7,95.85001,5.004212,60.62561,-13799.86,3.804212,-209.7493,-13799.86,3.804212,
0,13,0,0,0,3.1,1.2,4805710184e74ad8a520d2b53bc51649,False,-1241.67,-13801.69,3.804213,5.067633,2,7,12,16.7,95.85001,5.004212,60.62561,-13799.86,3.804212,-209.7493,-13799.86,3.804212,
0,13,0,0,0,3.1,1.2,4805710184e74ad8a520d2b53bc51649,False,-1260.268,-13801.69,3.804213,5.087232,2,7,12,16.7,95.85001,5.004212,60.62561,-13799.86,3.804212,-209.7493,-13799.86,3.804212,
0,13,0,0,0,3.1,1.2,4805710184e74ad8a520d2b53bc51649,False,-1278.548,-13801.69,3.804213,5.106923,2,7,12,16.7,95.85001,5.004212,60.62561,-13799.86,3.804212,-209.7493,-13799.86,3.804212,
0,13,0,0,0,3.1,1.2,4805710184e74ad8a520d2b53bc51649,False,-1296.509,-13801.69,3.804213,5.126988,2,7,12,16.7,95.85001,5.004212,60.62561,-13799.86,3.804212,-209.7493,-13799.86,3.804212,
0,13,0,0,0,3.1,1.2,4805710184e74ad8a520d2b53bc51649,False,-1314.152,-13801.69,3.804213,5.145065,2,7,12,16.7,95.85001,5.004212,60.62561,-13799.86,3.804212,-209.7493,-13799.86,3.804212,
0,13,0,0,0,3.1,1.2,4805710184e74ad8a520d2b53bc51649,False,-1331.477,-13801.69,3.804213,5.162944,2,7,12,16.7,95.85001,5.004212,60.62561,-13799.86,3.804212,-209.7493,-13799.86,3.804212,
0,13,0,0,0,3.1,1.2,4805710184e74ad8a520d2b53bc51649,False,-1348.484,-13801.69,3.804213,5.180661,2,7,12,16.7,95.85001,5.004212,60.62561,-13799.86,3.804212,-209.7493,-13799.86,3.804212,
0,13,0,0,0,3.1,1.2,4805710184e74ad8a520d2b53bc51649,False,-1348.484,-13801.69,3.804213,5.198365,2,7,12,16.7,95.85001,5.004212,60.62561,-13799.86,3.804212,-209.7493,-13799.86,3.804212,
0,13,0,0,0,3.1,1.2,4805710184e74ad8a520d2b53bc51649,False,-1365.172,-13801.69,3.804213,5.216338,2,7,12,16.7,95.85001,5.004212,60.62561,-13799.86,3.804212,-209.7493,-13799.86,3.804212,
0,13,0,0,0,3.1,1.2,4805710184e74ad8a520d2b53bc51649,False,-1381.542,-13801.69,3.804213,5.234401,2,7,12,16.7,95.85001,5.004212,60.62561,-13799.86,3.804212,-209.7493,-13799.86,3.804212,
0,13,0,0,0,3.1,1.2,4805710184e74ad8a520d2b53bc51649,False,-1397.593,-13801.69,3.804213,5.25271,2,7,12,16.7,95.85001,5.004212,60.62561,-13799.86,3.804212,-209.7493,-13799.86,3.804212,
0,13,0,0,0,3.1,1.2,4805710184e74ad8a520d2b53bc51649,False,-1413.327,-13801.69,3.804213,5.271659,2,7,12,16.7,95.85001,5.004212,60.62561,-13799.86,3.804212,-209.7493,-13799.86,3.804212,
0,13,0,0,0,3.1,1.2,4805710184e74ad8a520d2b53bc51649,False,-1428.742,-13801.69,3.804213,5.289956,2,7,12,16.7,95.85001,5.004212,60.62561,-13799.86,3.804212,-209.7493,-13799.86,3.804212,
0,13,0,0,0,3.1,1.2,4805710184e74ad8a520d2b53bc51649,False,-1443.839,-13801.69,3.804213,5.308014,2,7,12,16.7,95.85001,5.004212,60.62561,-13799.86,3.804212,-209.7493,-13799.86,3.804212,
0,13,0,0,0,3.1,1.2,4805710184e74ad8a520d2b53bc51649,False,-1458.617,-13801.69,3.804213,5.325932,2,7,12,16.7,95.85001,5.004212,60.62561,-13799.86,3.804212,-209.7493,-13799.86,3.804212,
0,13,0,0,0,3.1,1.2,4805710184e74ad8a520d2b53bc51649,False,-1473.077,-13801.69,3.804213,5.343658,2,7,12,16.7,95.85001,5.004212,60.62561,-13799.86,3.804212,-209.7493,-13799.86,3.804212,
0,13,0,0,0,3.1,1.2,4805710184e74ad8a520d2b53bc51649,False,-1487.219,-13801.69,3.804213,5.361416,2,7,12,16.7,95.85001,5.004212,60.62561,-13799.86,3.804212,-209.7493,-13799.86,3.804212,
0,13,0,0,0,3.1,1.2,4805710184e74ad8a520d2b53bc51649,False,-1501.043,-13801.69,3.804213,5.379135,2,7,12,16.7,95.85001,5.004212,60.62561,-13799.86,3.804212,-209.7493,-13799.86,3.804212,
0,13,0,0,0,3.1,1.2,4805710184e74ad8a520d2b53bc51649,False,-1501.043,-13801.69,3.804213,5.397278,2,7,12,16.7,95.85001,5.004212,60.62561,-13799.86,3.804212,-209.7493,-13799.86,3.804212,
0,13,0,0,0,3.1,1.2,4805710184e74ad8a520d2b53bc51649,False,-1514.548,-13801.69,3.804213,5.415375,2,7,12,16.7,95.85001,5.004212,60.62561,-13799.86,3.804212,-209.7493,-13799.86,3.804212,
0,13,0,0,0,3.1,1.2,4805710184e74ad8a520d2b53bc51649,False,-1527.735,-13801.69,3.804213,5.433482,2,7,12,16.7,95.85001,5.004212,60.62561,-13799.86,3.804212,-209.7493,-13799.86,3.804212,
0,13,0,0,0,3.1,1.2,4805710184e74ad8a520d2b53bc51649,False,-1540.604,-13801.69,3.804213,5.451571,2,7,12,16.7,95.85001,5.004212,60.62561,-13799.86,3.804212,-209.7493,-13799.86,3.804212,
0,13,0,0,0,3.1,1.2,4805710184e74ad8a520d2b53bc51649,False,-1553.155,-13801.69,3.804213,5.469644,2,7,12,16.7,95.85001,5.004212,60.62561,-13799.86,3.804212,-209.7493,-13799.86,3.804212,
0,13,0,0,0,3.1,1.2,4805710184e74ad8a520d2b53bc51649,False,-1565.398,-13801.69,3.804213,5.488327,2,7,12,16.7,95.85001,5.004212,60.62561,-13799.86,3.804212,-209.7493,-13799.86,3.804212,
0,13,0,0,0,3.1,1.2,4805710184e74ad8a520d2b53bc51649,False,-1577.397,-13801.69,3.804213,5.506479,2,7,12,16.7,95.85001,5.004212,60.62561,-13799.86,3.804212,-209.7493,-13799.86,3.804212,
0,13,0,0,0,3.1,1.2,4805710184e74ad8a520d2b53bc51649,False,-1589.151,-13801.69,3.804213,5.524564,2,7,12,16.7,95.85001,5.004212,60.62561,-13799.86,3.804212,-209.7493,-13799.86,3.804212,
0,13,0,0,0,3.1,1.2,4805710184e74ad8a520d2b53bc51649,False,-1600.66,-13801.69,3.804213,5.542638,2,7,12,16.7,95.85001,5.004212,60.62561,-13799.86,3.804212,-209.7493,-13799.86,3.804212,
0,13,0,0,0,3.1,1.2,4805710184e74ad8a520d2b53bc51649,False,-1611.924,-13801.69,3.804213,5.560902,2,7,12,16.7,95.85001,5.004212,60.62561,-13799.86,3.804212,-209.7493,-13799.86,3.804212,
0,13,0,0,0,3.1,1.2,4805710184e74ad8a520d2b53bc51649,False,-1611.924,-13801.69,3.804213,5.57967,2,7,12,16.7,95.85001,5.004212,60.62561,-13799.86,3.804212,-209.7493,-13799.86,3.804212,
0,13,0,0,0,3.1,1.2,4805710184e74ad8a520d2b53bc51649,False,-1622.943,-13801.69,3.804213,5.598097,2,7,12,16.7,95.85001,5.004212,60.62561,-13799.86,3.804212,-209.7493,-13799.86,3.804212,
0,13,0,0,0,3.1,1.2,4805710184e74ad8a520d2b53bc51649,False,-1633.717,-13801.69,3.804213,5.615934,2,7,12,16.7,95.85001,5.004212,60.62561,-13799.86,3.804212,-209.7493,-13799.86,3.804212,
0,13,0,0,0,3.1,1.2,4805710184e74ad8a520d2b53bc51649,False,-1644.246,-13801.69,3.804213,5.633603,2,7,12,16.7,95.85001,5.004212,60.62561,-13799.86,3.804212,-209.7493,-13799.86,3.804212,
0,13,0,0,0,3.1,1.2,4805710184e74ad8a520d2b53bc51649,False,-1654.53,-13801.69,3.804213,5.651603,2,7,12,16.7,95.85001,5.004212,60.62561,-13799.86,3.804212,-209.7493,-13799.86,3.804212,
0,13,0,0,0,3.1,1.2,4805710184e74ad8a520d2b53bc51649,False,-1664.569,-13801.69,3.804213,5.669875,2,7,12,16.7,95.85001,5.004212,60.62561,-13799.86,3.804212,-209.7493,-13799.86,3.804212,
0,13,0,0,0,3.1,1.2,4805710184e74ad8a520d2b53bc51649,False,-1674.388,-13801.69,3.804213,5.688679,2,7,12,16.7,95.85001,5.004212,60.62561,-13799.86,3.804212,-209.7493,-13799.86,3.804212,
0,13,0,0,0,3.1,1.2,4805710184e74ad8a520d2b53bc51649,False,-1684.039,-13801.69,3.804213,5.706522,2,7,12,16.7,95.85001,5.004212,60.62561,-13799.86,3.804212,-209.7493,-13799.86,3.804212,
0,13,0,0,0,3.1,1.2,4805710184e74ad8a520d2b53bc51649,False,-1693.56,-13801.69,3.804213,5.724688,2,7,12,16.7,95.85001,5.004212,60.62561,-13799.86,3.804212,-209.7493,-13799.86,3.804212,
0,13,0,0,0,3.1,1.2,4805710184e74ad8a520d2b53bc51649,False,-1702.982,-13801.69,3.804213,5.742949,2,7,12,16.7,95.85001,5.004212,60.62561,-13799.86,3.804212,-209.7493,-13799.86,3.804212,
0,13,0,0,0,3.1,1.2,4805710184e74ad8a520d2b53bc51649,False,-1712.328,-13801.69,3.804213,5.760721,2,7,12,16.7,95.85001,5.004212,60.62561,-13799.86,3.804212,-209.7493,-13799.86,3.804212,
0,13,0,0,0,3.1,1.2,4805710184e74ad8a520d2b53bc51649,False,-1712.328,-13801.69,3.804213,5.778667,2,7,12,16.7,95.85001,5.004212,60.62561,-13799.86,3.804212,-209.7493,-13799.86,3.804212,
0,13,0,0,0,3.1,1.2,4805710184e74ad8a520d2b53bc51649,False,-1721.615,-13801.69,3.804213,5.796437,2,7,12,16.7,95.85001,5.004212,60.62561,-13799.86,3.804212,-209.7493,-13799.86,3.804212,
0,13,0,0,0,3.1,1.2,4805710184e74ad8a520d2b53bc51649,False,-1730.856,-13801.69,3.804213,5.814012,2,7,12,16.7,95.85001,5.004212,60.62561,-13799.86,3.804212,-209.7493,-13799.86,3.804212,
0,13,0,0,0,3.1,1.2,4805710184e74ad8a520d2b53bc51649,False,-1740.063,-13801.69,3.804213,5.831876,2,7,12,16.7,95.85001,5.004212,60.62561,-13799.86,3.804212,-209.7493,-13799.86,3.804212,
0,13,0,0,0,3.1,1.2,4805710184e74ad8a520d2b53bc51649,False,-1749.243,-13801.69,3.804213,5.849688,2,7,12,16.7,95.85001,5.004212,60.62561,-13799.86,3.804212,-209.7493,-13799.86,3.804212,
0,13,0,0,0,3.1,1.2,4805710184e74ad8a520d2b53bc51649,False,-1758.403,-13801.69,3.804213,5.867362,2,7,12,16.7,95.85001,5.004212,60.62561,-13799.86,3.804212,-209.7493,-13799.86,3.804212,
0,13,0,0,0,3.1,1.2,4805710184e74ad8a520d2b53bc51649,False,-1767.546,-13801.69,3.804213,5.885035,2,7,12,16.7,95.85001,5.004212,60.62561,-13799.86,3.804212,-209.7493,-13799.86,3.804212,
0,13,0,0,0,3.1,1.2,4805710184e74ad8a520d2b53bc51649,False,-1776.678,-13801.69,3.804213,5.903885,2,7,12,16.7,95.85001,5.004212,60.62561,-13799.86,3.804212,-209.7493,-13799.86,3.804212,
0,13,0,0,0,3.1,1.2,4805710184e74ad8a520d2b53bc51649,False,-1785.801,-13801.69,3.804213,5.921665,2,7,12,16.7,95.85001,5.004212,60.62561,-13799.86,3.804212,-209.7493,-13799.86,3.804212,
0,13,0,0,0,3.1,1.2,4805710184e74ad8a520d2b53bc51649,False,-1794.916,-13801.69,3.804213,5.939576,2,7,12,16.7,95.85001,5.004212,60.62561,-13799.86,3.804212,-209.7493,-13799.86,3.804212,
0,13,0,0,0,3.1,1.2,4805710184e74ad8a520d2b53bc51649,False,-1794.916,-13801.69,3.804213,5.957516,2,7,12,16.7,95.85001,5.004212,60.62561,-13799.86,3.804212,-209.7493,-13799.86,3.804212,
0,13,0,0,0,3.1,1.2,4805710184e74ad8a520d2b53bc51649,False,-1804.026,-13801.69,3.804213,5.97578,2,7,12,16.7,95.85001,5.004212,60.62561,-13799.86,3.804212,-209.7493,-13799.86,3.804212,
0,13,0,0,0,3.1,1.2,4805710184e74ad8a520d2b53bc51649,False,-1813.132,-13801.69,3.804213,5.994232,2,7,12,16.7,95.85001,5.004212,60.62561,-13799.86,3.804212,-209.7493,-13799.86,3.804212,
0,13,0,0,0,3.1,1.2,4805710184e74ad8a520d2b53bc51649,False,-1822.234,-13801.69,3.804213,6.012083,2,7,12,16.7,95.85001,5.004212,60.62561,-13799.86,3.804212,-209.7493,-13799.86,3.804212,
0,13,0,0,0,3.1,1.2,4805710184e74ad8a520d2b53bc51649,False,-1831.334,-13801.69,3.804213,6.029996,2,7,12,16.7,95.85001,5.004212,60.62561,-13799.86,3.804212,-209.7493,-13799.86,3.804212,
0,13,0,0,0,3.1,1.2,4805710184e74ad8a520d2b53bc51649,False,-1840.431,-13801.69,3.804213,6.04793,2,7,12,16.7,95.85001,5.004212,60.62561,-13799.86,3.804212,-209.7493,-13799.86,3.804212,
0,13,0,0,0,3.1,1.2,4805710184e74ad8a520d2b53bc51649,False,-1849.525,-13801.69,3.804213,6.066113,2,7,12,16.7,95.85001,5.004212,60.62561,-13799.86,3.804212,-209.7493,-13799.86,3.804212,
0,13,0,0,0,3.1,1.2,4805710184e74ad8a520d2b53bc51649,False,-1858.617,-13801.69,3.804213,6.084284,2,7,12,16.7,95.85001,5.004212,60.62561,-13799.86,3.804212,-209.7493,-13799.86,3.804212,
0,13,0,0,0,3.1,1.2,4805710184e74ad8a520d2b53bc51649,False,-1867.705,-13801.69,3.804213,6.102364,2,7,12,16.7,95.85001,5.004212,60.62561,-13799.86,3.804212,-209.7493,-13799.86,3.804212,
0,13,0,0,0,3.1,1.2,4805710184e74ad8a520d2b53bc51649,False,-1876.792,-13801.69,3.804213,6.120577,2,7,12,16.7,95.85001,5.004212,60.62561,-13799.86,3.804212,-209.7493,-13799.86,3.804212,
0,13,0,0,0,3.1,1.2,4805710184e74ad8a520d2b53bc51649,False,-1876.792,-13801.69,3.804213,6.138865,2,7,12,16.7,95.85001,5.004212,60.62561,-13799.86,3.804212,-209.7493,-13799.86,3.804212,
0,13,0,0,0,3.1,1.2,4805710184e74ad8a520d2b53bc51649,False,-1885.874,-13801.69,3.804213,6.156966,2,7,12,16.7,95.85001,5.004212,60.62561,-13799.86,3.804212,-209.7493,-13799.86,3.804212,
0,13,0,0,0,3.1,1.2,4805710184e74ad8a520d2b53bc51649,False,-1894.955,-13801.69,3.804213,6.175518,2,7,12,16.7,95.85001,5.004212,60.62561,-13799.86,3.804212,-209.7493,-13799.86,3.804212,
0,13,0,0,0,3.1,1.2,4805710184e74ad8a520d2b53bc51649,False,-1904.033,-13801.69,3.804213,6.194409,2,7,12,16.7,95.85001,5.004212,60.62561,-13799.86,3.804212,-209.7493,-13799.86,3.804212,
0,13,0,0,0,3.1,1.2,4805710184e74ad8a520d2b53bc51649,False,-1913.108,-13801.69,3.804213,6.213099,2,7,12,16.7,95.85001,5.004212,60.62561,-13799.86,3.804212,-209.7493,-13799.86,3.804212,
0,13,0,0,0,3.1,1.2,4805710184e74ad8a520d2b53bc51649,False,-1922.18,-13801.69,3.804213,6.232228,2,7,12,16.7,95.85001,5.004212,60.62561,-13799.86,3.804212,-209.7493,-13799.86,3.804212,
0,13,0,0,0,3.1,1.2,4805710184e74ad8a520d2b53bc51649,False,-1931.249,-13801.69,3.804213,6.251046,2,7,12,16.7,95.85001,5.004212,60.62561,-13799.86,3.804212,-209.7493,-13799.86,3.804212,
0,13,0,0,0,3.1,1.2,4805710184e74ad8a520d2b53bc51649,False,-1940.316,-13801.69,3.804213,6.269455,2,7,12,16.7,95.85001,5.004212,60.62561,-13799.86,3.804212,-209.7493,-13799.86,3.804212,
0,13,0,0,0,3.1,1.2,4805710184e74ad8a520d2b53bc51649,False,-1949.38,-13801.69,3.804213,6.287131,2,7,12,16.7,95.85001,5.004212,60.62561,-13799.86,3.804212,-209.7493,-13799.86,3.804212,
0,13,0,0,0,3.1,1.2,4805710184e74ad8a520d2b53bc51649,False,-1958.441,-13801.69,3.804213,6.304897,2,7,12,16.7,95.85001,5.004212,60.62561,-13799.86,3.804212,-209.7493,-13799.86,3.804212,
0,13,0,0,0,3.1,1.2,4805710184e74ad8a520d2b53bc51649,False,-1967.5,-13801.69,3.804213,6.323996,2,7,12,16.7,95.85001,5.004212,60.62561,-13799.86,3.804212,-209.7493,-13799.86,3.804212,
0,13,0,0,0,3.1,1.2,4805710184e74ad8a520d2b53bc51649,False,-1976.555,-13801.69,3.804213,6.34182,2,7,12,16.7,95.85001,5.004212,60.62561,-13799.86,3.804212,-209.7493,-13799.86,3.804212,
0,13,0,0,0,3.1,1.2,4805710184e74ad8a520d2b53bc51649,False,-1985.608,-13801.69,3.804213,6.359564,2,7,12,16.7,95.85001,5.004212,60.62561,-13799.86,3.804212,-209.7493,-13799.86,3.804212,
0,13,0,0,0,3.1,1.2,4805710184e74ad8a520d2b53bc51649,False,-1985.608,-13801.69,3.804213,6.377593,2,7,12,16.7,95.85001,5.004212,60.62561,-13799.86,3.804212,-209.7493,-13799.86,3.804212,
0,13,0,0,0,3.1,1.2,4805710184e74ad8a520d2b53bc51649,False,-1994.658,-13801.69,3.804213,6.395557,2,7,12,16.7,95.85001,5.004212,60.62561,-13799.86,3.804212,-209.7493,-13799.86,3.804212,
0,13,0,0,0,3.1,1.2,4805710184e74ad8a520d2b53bc51649,False,-2003.705,-13801.69,3.804213,6.413538,2,7,12,16.7,95.85001,5.004212,60.62561,-13799.86,3.804212,-209.7493,-13799.86,3.804212,
0,13,0,0,0,3.1,1.2,4805710184e74ad8a520d2b53bc51649,False,-2012.75,-13801.69,3.804213,6.431416,2,7,12,16.7,95.85001,5.004212,60.62561,-13799.86,3.804212,-209.7493,-13799.86,3.804212,
0,13,0,0,0,3.1,1.2,4805710184e74ad8a520d2b53bc51649,False,-2021.793,-13801.69,3.804213,6.449379,2,7,12,16.7,95.85001,5.004212,60.62561,-13799.86,3.804212,-209.7493,-13799.86,3.804212,
0,13,0,0,0,3.1,1.2,4805710184e74ad8a520d2b53bc51649,False,-2030.832,-13801.69,3.804213,6.467541,2,7,12,16.7,95.85001,5.004212,60.62561,-13799.86,3.804212,-209.7493,-13799.86,3.804212,
0,13,0,0,0,3.1,1.2,4805710184e74ad8a520d2b53bc51649,False,-2039.868,-13801.69,3.804213,6.4857,2,7,12,16.7,95.85001,5.004212,60.62561,-13799.86,3.804212,-209.7493,-13799.86,3.804212,
0,13,0,0,0,3.1,1.2,4805710184e74ad8a520d2b53bc51649,False,-2048.902,-13801.69,3.804213,6.503738,2,7,12,16.7,95.85001,5.004212,60.62561,-13799.86,3.804212,-209.7493,-13799.86,3.804212,
0,13,0,0,0,3.1,1.2,4805710184e74ad8a520d2b53bc51649,False,-2057.933,-13801.69,3.804213,6.521517,2,7,12,16.7,95.85001,5.004212,60.62561,-13799.86,3.804212,-209.7493,-13799.86,3.804212,
0,13,0,0,0,3.1,1.2,4805710184e74ad8a520d2b53bc51649,False,-2066.962,-13801.69,3.804213,6.540003,2,7,12,16.7,95.85001,5.004212,60.62561,-13799.86,3.804212,-209.7493,-13799.86,3.804212,
0,13,0,0,0,3.1,1.2,4805710184e74ad8a520d2b53bc51649,False,-2066.962,-13801.69,3.804213,6.558166,2,7,12,16.7,95.85001,5.004212,60.62561,-13799.86,3.804212,-209.7493,-13799.86,3.804212,
0,13,0,0,0,3.1,1.2,4805710184e74ad8a520d2b53bc51649,False,-2075.987,-13801.69,3.804213,6.576196,2,7,12,16.7,95.85001,5.004212,60.62561,-13799.86,3.804212,-209.7493,-13799.86,3.804212,
0,13,0,0,0,3.1,1.2,4805710184e74ad8a520d2b53bc51649,False,-2085.01,-13801.69,3.804213,6.594055,2,7,12,16.7,95.85001,5.004212,60.62561,-13799.86,3.804212,-209.7493,-13799.86,3.804212,
0,13,0,0,0,3.1,1.2,4805710184e74ad8a520d2b53bc51649,False,-2094.03,-13801.69,3.804213,6.611925,2,7,12,16.7,95.85001,5.004212,60.62561,-13799.86,3.804212,-209.7493,-13799.86,3.804212,
0,13,0,0,0,3.1,1.2,4805710184e74ad8a520d2b53bc51649,False,-2103.048,-13801.69,3.804213,6.630572,2,7,12,16.7,95.85001,5.004212,60.62561,-13799.86,3.804212,-209.7493,-13799.86,3.804212,
0,13,0,0,0,3.1,1.2,4805710184e74ad8a520d2b53bc51649,False,-2112.063,-13801.69,3.804213,6.64938,2,7,12,16.7,95.85001,5.004212,60.62561,-13799.86,3.804212,-209.7493,-13799.86,3.804212,
0,13,0,0,0,3.1,1.2,4805710184e74ad8a520d2b53bc51649,False,-2121.075,-13801.69,3.804213,6.667694,2,7,12,16.7,95.85001,5.004212,60.62561,-13799.86,3.804212,-209.7493,-13799.86,3.804212,
0,13,0,0,0,3.1,1.2,4805710184e74ad8a520d2b53bc51649,False,-2130.083,-13801.69,3.804213,6.686199,2,7,12,16.7,95.85001,5.004212,60.62561,-13799.86,3.804212,-209.7493,-13799.86,3.804212,
0,13,0,0,0,3.1,1.2,4805710184e74ad8a520d2b53bc51649,False,-2139.09,-13801.69,3.804213,6.70495,2,7,12,16.7,95.85001,5.004212,60.62561,-13799.86,3.804212,-209.7493,-13799.86,3.804212,
0,13,0,0,0,3.1,1.2,4805710184e74ad8a520d2b53bc51649,False,-2148.094,-13801.69,3.804213,6.72372,2,7,12,16.7,95.85001,5.004212,60.62561,-13799.86,3.804212,-209.7493,-13799.86,3.804212,
0,13,0,0,0,3.1,1.2,4805710184e74ad8a520d2b53bc51649,False,-2157.095,-13801.69,3.804213,6.742294,2,7,12,16.7,95.85001,5.004212,60.62561,-13799.86,3.804212,-209.7493,-13799.86,3.804212,
0,13,0,0,0,3.1,1.2,4805710184e74ad8a520d2b53bc51649,False,-2166.094,-13801.69,3.804213,6.760851,2,7,12,16.7,95.85001,5.004212,60.62561,-13799.86,3.804212,-209.7493,-13799.86,3.804212,
0,13,0,0,0,3.1,1.2,4805710184e74ad8a520d2b53bc51649,False,-2166.094,-13801.69,3.804213,6.778708,2,7,12,16.7,95.85001,5.004212,60.62561,-13799.86,3.804212,-209.7493,-13799.86,3.804212,
0,13,0,0,0,3.1,1.2,4805710184e74ad8a520d2b53bc51649,False,-2175.089,-13801.69,3.804213,6.797191,2,7,12,16.7,95.85001,5.004212,60.62561,-13799.86,3.804212,-209.7493,-13799.86,3.804212,
0,13,0,0,0,3.1,1.2,4805710184e74ad8a520d2b53bc51649,False,-2184.082,-13801.69,3.804213,6.815084,2,7,12,16.7,95.85001,5.004212,60.62561,-13799.86,3.804212,-209.7493,-13799.86,3.804212,
0,13,0,0,0,3.1,1.2,4805710184e74ad8a520d2b53bc51649,False,-2193.072,-13801.69,3.804213,6.83335,2,7,12,16.7,95.85001,5.004212,60.62561,-13799.86,3.804212,-209.7493,-13799.86,3.804212,
0,13,0,0,0,3.1,1.2,4805710184e74ad8a520d2b53bc51649,False,-2202.06,-13801.69,3.804213,6.851989,2,7,12,16.7,95.85001,5.004212,60.62561,-13799.86,3.804212,-209.7493,-13799.86,3.804212,
0,13,0,0,0,3.1,1.2,4805710184e74ad8a520d2b53bc51649,False,-2211.045,-13801.69,3.804213,6.870552,2,7,12,16.7,95.85001,5.004212,60.62561,-13799.86,3.804212,-209.7493,-13799.86,3.804212,
0,13,0,0,0,3.1,1.2,4805710184e74ad8a520d2b53bc51649,False,-2220.027,-13801.69,3.804213,6.889394,2,7,12,16.7,95.85001,5.004212,60.62561,-13799.86,3.804212,-209.7493,-13799.86,3.804212,
0,13,0,0,0,3.1,1.2,4805710184e74ad8a520d2b53bc51649,False,-2229.006,-13801.69,3.804213,6.908253,2,7,12,16.7,95.85001,5.004212,60.62561,-13799.86,3.804212,-209.7493,-13799.86,3.804212,
0,13,0,0,0,3.1,1.2,4805710184e74ad8a520d2b53bc51649,False,-2237.983,-13801.69,3.804213,6.926617,2,7,12,16.7,95.85001,5.004212,60.62561,-13799.86,3.804212,-209.7493,-13799.86,3.804212,
0,13,0,0,0,3.1,1.2,4805710184e74ad8a520d2b53bc51649,False,-2246.956,-13801.69,3.804213,6.945923,2,7,12,16.7,95.85001,5.004212,60.62561,-13799.86,3.804212,-209.7493,-13799.86,3.804212,
0,13,0,0,0,3.1,1.2,4805710184e74ad8a520d2b53bc51649,False,-2255.928,-13801.69,3.804213,6.964708,2,7,12,16.7,95.85001,5.004212,60.62561,-13799.86,3.804212,-209.7493,-13799.86,3.804212,
0,13,0,0,0,3.1,1.2,4805710184e74ad8a520d2b53bc51649,False,-2264.896,-13801.69,3.804213,6.983475,2,7,12,16.7,95.85001,5.004212,60.62561,-13799.86,3.804212,-209.7493,-13799.86,3.804212,
0,13,0,0,0,3.1,1.2,4805710184e74ad8a520d2b53bc51649,False,-2273.862,-13801.69,3.804213,7.002218,2,7,12,16.7,95.85001,5.004212,60.62561,-13799.86,3.804212,-209.7493,-13799.86,3.804212,
0,13,0,0,0,3.1,1.2,4805710184e74ad8a520d2b53bc51649,False,-2282.825,-13801.69,3.804213,7.020547,2,7,12,16.7,95.85001,5.004212,60.62561,-13799.86,3.804212,-209.7493,-13799.86,3.804212,
0,13,0,0,0,3.1,1.2,4805710184e74ad8a520d2b53bc51649,False,-2282.825,-13801.69,3.804213,7.039091,2,7,12,16.7,95.85001,5.004212,60.62561,-13799.86,3.804212,-209.7493,-13799.86,3.804212,
0,13,0,0,0,3.1,1.2,4805710184e74ad8a520d2b53bc51649,False,-2291.785,-13801.69,3.804213,7.057127,2,7,12,16.7,95.85001,5.004212,60.62561,-13799.86,3.804212,-209.7493,-13799.86,3.804212,
0,13,0,0,0,3.1,1.2,4805710184e74ad8a520d2b53bc51649,False,-2300.743,-13801.69,3.804213,7.075125,2,7,12,16.7,95.85001,5.004212,60.62561,-13799.86,3.804212,-209.7493,-13799.86,3.804212,
0,13,0,0,0,3.1,1.2,4805710184e74ad8a520d2b53bc51649,False,-2309.698,-13801.69,3.804213,7.09308,2,7,12,16.7,95.85001,5.004212,60.62561,-13799.86,3.804212,-209.7493,-13799.86,3.804212,
0,13,0,0,0,3.1,1.2,4805710184e74ad8a520d2b53bc51649,False,-2318.65,-13801.69,3.804213,7.110862,2,7,12,16.7,95.85001,5.004212,60.62561,-13799.86,3.804212,-209.7493,-13799.86,3.804212,
0,13,0,0,0,3.1,1.2,4805710184e74ad8a520d2b53bc51649,False,-2327.599,-13801.69,3.804213,7.128772,2,7,12,16.7,95.85001,5.004212,60.62561,-13799.86,3.804212,-209.7493,-13799.86,3.804212,
0,13,0,0,0,3.1,1.2,4805710184e74ad8a520d2b53bc51649,False,-2336.547,-13801.69,3.804213,7.147312,2,7,12,16.7,95.85001,5.004212,60.62561,-13799.86,3.804212,-209.7493,-13799.86,3.804212,
0,13,0,0,0,3.1,1.2,4805710184e74ad8a520d2b53bc51649,False,-2345.491,-13801.69,3.804213,7.165228,2,7,12,16.7,95.85001,5.004212,60.62561,-13799.86,3.804212,-209.7493,-13799.86,3.804212,
0,13,0,0,0,3.1,1.2,4805710184e74ad8a520d2b53bc51649,False,-2354.432,-13801.69,3.804213,7.183187,2,7,12,16.7,95.85001,5.004212,60.62561,-13799.86,3.804212,-209.7493,-13799.86,3.804212,
0,13,0,0,0,3.1,1.2,4805710184e74ad8a520d2b53bc51649,False,-2363.37,-13801.69,3.804213,7.201322,2,7,12,16.7,95.85001,5.004212,60.62561,-13799.86,3.804212,-209.7493,-13799.86,3.804212,
0,13,0,0,0,3.1,1.2,4805710184e74ad8a520d2b53bc51649,False,-2372.307,-13801.69,3.804213,7.219148,2,7,12,16.7,95.85001,5.004212,60.62561,-13799.86,3.804212,-209.7493,-13799.86,3.804212,
0,13,0,0,0,3.1,1.2,4805710184e74ad8a520d2b53bc51649,False,-2372.307,-13801.69,3.804213,7.237255,2,7,12,16.7,95.85001,5.004212,60.62561,-13799.86,3.804212,-209.7493,-13799.86,3.804212,
0,13,0,0,0,3.1,1.2,4805710184e74ad8a520d2b53bc51649,False,-2381.24,-13801.69,3.804213,7.256044,2,7,12,16.7,95.85001,5.004212,60.62561,-13799.86,3.804212,-209.7493,-13799.86,3.804212,
0,13,0,0,0,3.1,1.2,4805710184e74ad8a520d2b53bc51649,False,-2390.171,-13801.69,3.804213,7.273983,2,7,12,16.7,95.85001,5.004212,60.62561,-13799.86,3.804212,-209.7493,-13799.86,3.804212,
0,13,0,0,0,3.1,1.2,4805710184e74ad8a520d2b53bc51649,False,-2399.099,-13801.69,3.804213,7.292687,2,7,12,16.7,95.85001,5.004212,60.62561,-13799.86,3.804212,-209.7493,-13799.86,3.804212,
0,13,0,0,0,3.1,1.2,4805710184e74ad8a520d2b53bc51649,False,-2408.024,-13801.69,3.804213,7.31109,2,7,12,16.7,95.85001,5.004212,60.62561,-13799.86,3.804212,-209.7493,-13799.86,3.804212,
0,13,0,0,0,3.1,1.2,4805710184e74ad8a520d2b53bc51649,False,-2416.946,-13801.69,3.804213,7.32913,2,7,12,16.7,95.85001,5.004212,60.62561,-13799.86,3.804212,-209.7493,-13799.86,3.804212,
0,13,0,0,0,3.1,1.2,4805710184e74ad8a520d2b53bc51649,False,-2425.866,-13801.69,3.804213,7.348407,2,7,12,16.7,95.85001,5.004212,60.62561,-13799.86,3.804212,-209.7493,-13799.86,3.804212,
0,13,0,0,0,3.1,1.2,4805710184e74ad8a520d2b53bc51649,False,-2434.783,-13801.69,3.804213,7.366947,2,7,12,16.7,95.85001,5.004212,60.62561,-13799.86,3.804212,-209.7493,-13799.86,3.804212,
0,13,0,0,0,3.1,1.2,4805710184e74ad8a520d2b53bc51649,False,-2443.698,-13801.69,3.804213,7.385324,2,7,12,16.7,95.85001,5.004212,60.62561,-13799.86,3.804212,-209.7493,-13799.86,3.804212,
0,13,0,0,0,3.1,1.2,4805710184e74ad8a520d2b53bc51649,False,-2452.609,-13801.69,3.804213,7.403701,2,7,12,16.7,95.85001,5.004212,60.62561,-13799.86,3.804212,-209.7493,-13799.86,3.804212,
0,13,0,0,0,3.1,1.2,4805710184e74ad8a520d2b53bc51649,False,-2461.519,-13801.69,3.804213,7.422162,2,7,12,16.7,95.85001,5.004212,60.62561,-13799.86,3.804212,-209.7493,-13799.86,3.804212,
0,13,0,0,0,3.1,1.2,4805710184e74ad8a520d2b53bc51649,False,-2470.425,-13801.69,3.804213,7.440542,2,7,12,16.7,95.85001,5.004212,60.62561,-13799.86,3.804212,-209.7493,-13799.86,3.804212,
0,13,0,0,0,3.1,1.2,4805710184e74ad8a520d2b53bc51649,False,-2470.425,-13801.69,3.804213,7.459107,2,7,12,16.7,95.85001,5.004212,60.62561,-13799.86,3.804212,-209.7493,-13799.86,3.804212,
0,13,0,0,0,3.1,1.2,4805710184e74ad8a520d2b53bc51649,False,-2479.328,-13801.69,3.804213,7.477615,2,7,12,16.7,95.85001,5.004212,60.62561,-13799.86,3.804212,-209.7493,-13799.86,3.804212,
0,13,0,0,0,3.1,1.2,4805710184e74ad8a520d2b53bc51649,False,-2488.229,-13801.69,3.804213,7.496517,2,7,12,16.7,95.85001,5.004212,60.62561,-13799.86,3.804212,-209.7493,-13799.86,3.804212,
0,13,0,0,0,3.1,1.2,4805710184e74ad8a520d2b53bc51649,False,-2497.128,-13801.69,3.804213,7.515135,2,7,12,16.7,95.85001,5.004212,60.62561,-13799.86,3.804212,-209.7493,-13799.86,3.804212,
0,13,0,0,0,3.1,1.2,4805710184e74ad8a520d2b53bc51649,False,-2506.024,-13801.69,3.804213,7.534068,2,7,12,16.7,95.85001,5.004212,60.62561,-13799.86,3.804212,-209.7493,-13799.86,3.804212,
0,13,0,0,0,3.1,1.2,4805710184e74ad8a520d2b53bc51649,False,-2514.917,-13801.69,3.804213,7.553783,2,7,12,16.7,95.85001,5.004212,60.62561,-13799.86,3.804212,-209.7493,-13799.86,3.804212,
0,13,0,0,0,3.1,1.2,4805710184e74ad8a520d2b53bc51649,False,-2523.807,-13801.69,3.804213,7.572605,2,7,12,16.7,95.85001,5.004212,60.62561,-13799.86,3.804212,-209.7493,-13799.86,3.804212,
0,13,0,0,0,3.1,1.2,4805710184e74ad8a520d2b53bc51649,False,-2532.694,-13801.69,3.804213,7.59129,2,7,12,16.7,95.85001,5.004212,60.62561,-13799.86,3.804212,-209.7493,-13799.86,3.804212,
0,13,0,0,0,3.1,1.2,4805710184e74ad8a520d2b53bc51649,False,-2541.579,-13801.69,3.804213,7.609879,2,7,12,16.7,95.85001,5.004212,60.62561,-13799.86,3.804212,-209.7493,-13799.86,3.804212,
0,13,0,0,0,3.1,1.2,4805710184e74ad8a520d2b53bc51649,False,-2550.461,-13801.69,3.804213,7.628368,2,7,12,16.7,95.85001,5.004212,60.62561,-13799.86,3.804212,-209.7493,-13799.86,3.804212,
0,13,0,0,0,3.1,1.2,4805710184e74ad8a520d2b53bc51649,False,-2559.341,-13801.69,3.804213,7.64705,2,7,12,16.7,95.85001,5.004212,60.62561,-13799.86,3.804212,-209.7493,-13799.86,3.804212,
0,13,0,0,0,3.1,1.2,4805710184e74ad8a520d2b53bc51649,False,-2568.217,-13801.69,3.804213,7.665708,2,7,12,16.7,95.85001,5.004212,60.62561,-13799.86,3.804212,-209.7493,-13799.86,3.804212,
0,13,0,0,0,3.1,1.2,4805710184e74ad8a520d2b53bc51649,False,-2577.092,-13801.69,3.804213,7.684476,2,7,12,16.7,95.85001,5.004212,60.62561,-13799.86,3.804212,-209.7493,-13799.86,3.804212,
0,13,0,0,0,3.1,1.2,4805710184e74ad8a520d2b53bc51649,False,-2585.963,-13801.69,3.804213,7.703154,2,7,12,16.7,95.85001,5.004212,60.62561,-13799.86,3.804212,-209.7493,-13799.86,3.804212,
0,13,0,0,0,3.1,1.2,4805710184e74ad8a520d2b53bc51649,False,-2594.832,-13801.69,3.804213,7.721774,2,7,12,16.7,95.85001,5.004212,60.62561,-13799.86,3.804212,-209.7493,-13799.86,3.804212,
0,13,0,0,0,3.1,1.2,4805710184e74ad8a520d2b53bc51649,False,-2603.698,-13801.69,3.804213,7.740557,2,7,12,16.7,95.85001,5.004212,60.62561,-13799.86,3.804212,-209.7493,-13799.86,3.804212,
0,13,0,0,0,3.1,1.2,4805710184e74ad8a520d2b53bc51649,False,-2603.698,-13801.69,3.804213,7.75988,2,7,12,16.7,95.85001,5.004212,60.62561,-13799.86,3.804212,-209.7493,-13799.86,3.804212,
0,13,0,0,0,3.1,1.2,4805710184e74ad8a520d2b53bc51649,False,-2612.562,-13801.69,3.804213,7.778463,2,7,12,16.7,95.85001,5.004212,60.62561,-13799.86,3.804212,-209.7493,-13799.86,3.804212,
0,13,0,0,0,3.1,1.2,4805710184e74ad8a520d2b53bc51649,False,-2621.422,-13801.69,3.804213,7.796926,2,7,12,16.7,95.85001,5.004212,60.62561,-13799.86,3.804212,-209.7493,-13799.86,3.804212,
0,13,0,0,0,3.1,1.2,4805710184e74ad8a520d2b53bc51649,False,-2630.281,-13801.69,3.804213,7.815186,2,7,12,16.7,95.85001,5.004212,60.62561,-13799.86,3.804212,-209.7493,-13799.86,3.804212,
0,13,0,0,0,3.1,1.2,4805710184e74ad8a520d2b53bc51649,False,-2639.136,-13801.69,3.804213,7.833574,2,7,12,16.7,95.85001,5.004212,60.62561,-13799.86,3.804212,-209.7493,-13799.86,3.804212,
0,13,0,0,0,3.1,1.2,4805710184e74ad8a520d2b53bc51649,False,-2647.989,-13801.69,3.804213,7.852324,2,7,12,16.7,95.85001,5.004212,60.62561,-13799.86,3.804212,-209.7493,-13799.86,3.804212,
0,13,0,0,0,3.1,1.2,4805710184e74ad8a520d2b53bc51649,False,-2656.838,-13801.69,3.804213,7.870864,2,7,12,16.7,95.85001,5.004212,60.62561,-13799.86,3.804212,-209.7493,-13799.86,3.804212,
0,13,0,0,0,3.1,1.2,4805710184e74ad8a520d2b53bc51649,False,-2665.686,-13801.69,3.804213,7.890009,2,7,12,16.7,95.85001,5.004212,60.62561,-13799.86,3.804212,-209.7493,-13799.86,3.804212,
0,13,0,0,0,3.1,1.2,4805710184e74ad8a520d2b53bc51649,False,-2674.53,-13801.69,3.804213,7.908738,2,7,12,16.7,95.85001,5.004212,60.62561,-13799.86,3.804212,-209.7493,-13799.86,3.804212,
0,13,0,0,0,3.1,1.2,4805710184e74ad8a520d2b53bc51649,False,-2683.372,-13801.69,3.804213,7.931298,2,7,12,16.7,95.85001,5.004212,60.62561,-13799.86,3.804212,-209.7493,-13799.86,3.804212,
0,13,0,0,0,3.1,1.2,4805710184e74ad8a520d2b53bc51649,False,-2692.212,-13801.69,3.804213,7.951611,2,7,12,16.7,95.85001,5.004212,60.62561,-13799.86,3.804212,-209.7493,-13799.86,3.804212,
0,13,0,0,0,3.1,1.2,4805710184e74ad8a520d2b53bc51649,False,-2701.048,-13801.69,3.804213,7.971454,2,7,12,16.7,95.85001,5.004212,60.62561,-13799.86,3.804212,-209.7493,-13799.86,3.804212,
0,13,0,0,0,3.1,1.2,4805710184e74ad8a520d2b53bc51649,False,-2709.882,-13801.69,3.804213,7.991158,2,7,12,16.7,95.85001,5.004212,60.62561,-13799.86,3.804212,-209.7493,-13799.86,3.804212,
0,13,0,0,0,3.1,1.2,4805710184e74ad8a520d2b53bc51649,False,-2718.713,-13801.69,3.804213,8.01036,2,7,12,16.7,95.85001,5.004212,60.62561,-13799.86,3.804212,-209.7493,-13799.86,3.804212,
0,13,0,0,0,3.1,1.2,4805710184e74ad8a520d2b53bc51649,False,-2727.542,-13801.69,3.804213,8.029212,2,7,12,16.7,95.85001,5.004212,60.62561,-13799.86,3.804212,-209.7493,-13799.86,3.804212,
0,13,0,0,0,3.1,1.2,4805710184e74ad8a520d2b53bc51649,False,-2736.368,-13801.69,3.804213,8.049842,2,7,12,16.7,95.85001,5.004212,60.62561,-13799.86,3.804212,-209.7493,-13799.86,3.804212,
0,13,0,0,0,3.1,1.2,4805710184e74ad8a520d2b53bc51649,False,-2745.192,-13801.69,3.804213,8.06889,2,7,12,16.7,95.85001,5.004212,60.62561,-13799.86,3.804212,-209.7493,-13799.86,3.804212,
0,13,0,0,0,3.1,1.2,4805710184e74ad8a520d2b53bc51649,False,-2754.012,-13801.69,3.804213,8.087406,2,7,12,16.7,95.85001,5.004212,60.62561,-13799.86,3.804212,-209.7493,-13799.86,3.804212,
0,13,0,0,0,3.1,1.2,4805710184e74ad8a520d2b53bc51649,False,-2762.83,-13801.69,3.804213,8.106558,2,7,12,16.7,95.85001,5.004212,60.62561,-13799.86,3.804212,-209.7493,-13799.86,3.804212,
0,13,0,0,0,3.1,1.2,4805710184e74ad8a520d2b53bc51649,False,-2771.645,-13801.69,3.804213,8.125255,2,7,12,16.7,95.85001,5.004212,60.62561,-13799.86,3.804212,-209.7493,-13799.86,3.804212,
0,13,0,0,0,3.1,1.2,4805710184e74ad8a520d2b53bc51649,False,-2780.458,-13801.69,3.804213,8.143975,2,7,12,16.7,95.85001,5.004212,60.62561,-13799.86,3.804212,-209.7493,-13799.86,3.804212,
0,13,0,0,0,3.1,1.2,4805710184e74ad8a520d2b53bc51649,False,-2789.269,-13801.69,3.804213,8.162086,2,7,12,16.7,95.85001,5.004212,60.62561,-13799.86,3.804212,-209.7493,-13799.86,3.804212,
0,13,0,0,0,3.1,1.2,4805710184e74ad8a520d2b53bc51649,False,-2798.075,-13801.69,3.804213,8.180802,2,7,12,16.7,95.85001,5.004212,60.62561,-13799.86,3.804212,-209.7493,-13799.86,3.804212,
0,13,0,0,0,3.1,1.2,4805710184e74ad8a520d2b53bc51649,False,-2798.075,-13801.69,3.804213,8.199327,2,7,12,16.7,95.85001,5.004212,60.62561,-13799.86,3.804212,-209.7493,-13799.86,3.804212,
0,13,0,0,0,3.1,1.2,4805710184e74ad8a520d2b53bc51649,False,-2806.88,-13801.69,3.804213,8.218289,2,7,12,16.7,95.85001,5.004212,60.62561,-13799.86,3.804212,-209.7493,-13799.86,3.804212,
0,13,0,0,0,3.1,1.2,4805710184e74ad8a520d2b53bc51649,False,-2815.682,-13801.69,3.804213,8.237053,2,7,12,16.7,95.85001,5.004212,60.62561,-13799.86,3.804212,-209.7493,-13799.86,3.804212,
0,13,0,0,0,3.1,1.2,4805710184e74ad8a520d2b53bc51649,False,-2824.481,-13801.69,3.804213,8.255951,2,7,12,16.7,95.85001,5.004212,60.62561,-13799.86,3.804212,-209.7493,-13799.86,3.804212,
0,13,0,0,0,3.1,1.2,4805710184e74ad8a520d2b53bc51649,False,-2833.278,-13801.69,3.804213,8.274694,2,7,12,16.7,95.85001,5.004212,60.62561,-13799.86,3.804212,-209.7493,-13799.86,3.804212,
0,13,0,0,0,3.1,1.2,4805710184e74ad8a520d2b53bc51649,False,-2842.072,-13801.69,3.804213,8.293272,2,7,12,16.7,95.85001,5.004212,60.62561,-13799.86,3.804212,-209.7493,-13799.86,3.804212,
0,13,0,0,0,3.1,1.2,4805710184e74ad8a520d2b53bc51649,False,-2850.864,-13801.69,3.804213,8.311522,2,7,12,16.7,95.85001,5.004212,60.62561,-13799.86,3.804212,-209.7493,-13799.86,3.804212,
0,13,0,0,0,3.1,1.2,4805710184e74ad8a520d2b53bc51649,False,-2859.652,-13801.69,3.804213,8.329689,2,7,12,16.7,95.85001,5.004212,60.62561,-13799.86,3.804212,-209.7493,-13799.86,3.804212,
0,13,0,0,0,3.1,1.2,4805710184e74ad8a520d2b53bc51649,False,-2868.438,-13801.69,3.804213,8.34758,2,7,12,16.7,95.85001,5.004212,60.62561,-13799.86,3.804212,-209.7493,-13799.86,3.804212,
0,13,0,0,0,3.1,1.2,4805710184e74ad8a520d2b53bc51649,False,-2877.221,-13801.69,3.804213,8.365638,2,7,12,16.7,95.85001,5.004212,60.62561,-13799.86,3.804212,-209.7493,-13799.86,3.804212,
0,13,0,0,0,3.1,1.2,4805710184e74ad8a520d2b53bc51649,False,-2886.002,-13801.69,3.804213,8.389596,2,7,12,16.7,95.85001,5.004212,60.62561,-13799.86,3.804212,-209.7493,-13799.86,3.804212,
0,13,0,0,0,3.1,1.2,4805710184e74ad8a520d2b53bc51649,False,-2894.78,-13801.69,3.804213,8.409241,2,7,12,16.7,95.85001,5.004212,60.62561,-13799.86,3.804212,-209.7493,-13799.86,3.804212,
0,13,0,0,0,3.1,1.2,4805710184e74ad8a520d2b53bc51649,False,-2903.556,-13801.69,3.804213,8.428067,2,7,12,16.7,95.85001,5.004212,60.62561,-13799.86,3.804212,-209.7493,-13799.86,3.804212,
0,13,0,0,0,3.1,1.2,4805710184e74ad8a520d2b53bc51649,False,-2912.328,-13801.69,3.804213,8.446285,2,7,12,16.7,95.85001,5.004212,60.62561,-13799.86,3.804212,-209.7493,-13799.86,3.804212,
0,13,0,0,0,3.1,1.2,4805710184e74ad8a520d2b53bc51649,False,-2921.099,-13801.69,3.804213,8.464223,2,7,12,16.7,95.85001,5.004212,60.62561,-13799.86,3.804212,-209.7493,-13799.86,3.804212,
0,13,0,0,0,3.1,1.2,4805710184e74ad8a520d2b53bc51649,False,-2929.865,-13801.69,3.804213,8.482552,2,7,12,16.7,95.85001,5.004212,60.62561,-13799.86,3.804212,-209.7493,-13799.86,3.804212,
0,13,0,0,0,3.1,1.2,4805710184e74ad8a520d2b53bc51649,False,-2938.631,-13801.69,3.804213,8.500415,2,7,12,16.7,95.85001,5.004212,60.62561,-13799.86,3.804212,-209.7493,-13799.86,3.804212,
0,13,0,0,0,3.1,1.2,4805710184e74ad8a520d2b53bc51649,False,-2938.631,-13801.69,3.804213,8.518683,2,7,12,16.7,95.85001,5.004212,60.62561,-13799.86,3.804212,-209.7493,-13799.86,3.804212,
0,13,0,0,0,3.1,1.2,4805710184e74ad8a520d2b53bc51649,False,-2947.393,-13801.69,3.804213,8.543599,2,7,12,16.7,95.85001,5.004212,60.62561,-13799.86,3.804212,-209.7493,-13799.86,3.804212,
